Timestamp,Organization Name,Primary contact email,In which Orange County cities does your organization conduct community outreach? Check all that apply.,Which of the following race/ethnic group(s) describes the communities that your organization reaches? Check all that apply.,In which language(s) does your organization conduct outreach? Check all that apply.,Which of the following demographic characteristic(s) describe the communities that your organization reaches? Check all that apply.,Which of the following outreach activities does your organization conduct to reach communities? Check all that apply.,"If your organization is listed on OC Nonprofit Central, please post the direct link to the profile page here.",Email Address
9/7/22 12:25,"Abrazar, Inc.",m.ortega@abrazarinc.com,"Anaheim, Brea, Buena Park, Costa Mesa, Cypress, Fountain Valley, Fullerton, Garden Grove, Huntington Beach, Irvine, La Habra, La Palma, Los Alamitos, Newport Beach, Orange, Placentia, Santa Ana, Seal Beach, Stanton, Tustin, Villa Park, Westminster, Yorba Linda","Asian American, Black & African American, Latino / Latinx, Middle Eastern & North African, Native American & Tribal Communities, Native Hawaiian & Pacific Islander, Non-Hispanic White","English, Spanish, Vietnamese","Children under 5, Houseless individuals & families, LGBTQ+, Immigrants / Refugees, Limited English speaking ability, Older adults / seniors, People with disabilities, Veterans","Door-to-door canvassing, In-person events / gatherings, Food / kit distribution, Phone banking, Tabling / flier distribution, Virtual events / gatherings",,
1/24/23 10:05,"Age Well Senior Services, Inc.",jhamaker@myagewell.org,"Aliso Viejo, Irvine, Laguna Beach, Laguna Hills, Laguna Niguel, Laguna Woods, Lake Forest, Mission Viejo, Newport Beach, Rancho Santa Margarita, San Clemente, San Juan Capistrano","Asian American, Black & African American, Latino / Latinx, Middle Eastern & North African, Native American & Tribal Communities, Native Hawaiian & Pacific Islander, Non-Hispanic White","English, Spanish, Tagalog","LGBTQ+, Immigrants / Refugees, Limited English speaking ability, Older adults / seniors, People with disabilities, Veterans","In-person events / gatherings, Food / kit distribution, Mailings, Media (TV, radio, newspapers), Peer-to-peer / mass texting, Tabling / flier distribution, Virtual events / gatherings",https://www.ocnonprofitcentral.org/organizations/age-well-senior-services-inc,
1/23/23 14:08,Anaheim Family YMCA,djauch@anaheimymca.org,"Anaheim, Buena Park, Cypress, La Palma, Stanton","Asian American, Black & African American, Latino / Latinx, Middle Eastern & North African, Native American & Tribal Communities, Native Hawaiian & Pacific Islander, Non-Hispanic White","English, Spanish","Children under 5, Houseless individuals & families, LGBTQ+, Immigrants / Refugees, Limited English speaking ability, Older adults / seniors, People with disabilities, Veterans","In-person events / gatherings, Food / kit distribution, Mailings, Media (TV, radio, newspapers), Peer-to-peer / mass texting, Tabling / flier distribution, Virtual events / gatherings",https://www.ocnonprofitcentral.org/organizations/ymca-of-anaheim,
10/5/22 16:28,Arab American Civic Council,rashad@aaciviccouncil.org,"Anaheim, Fullerton, Garden Grove, Irvine, Mission Viejo",Middle Eastern & North African,"English, Arabic",Immigrants / Refugees,"Door-to-door canvassing, In-person events / gatherings, Mailings, Peer-to-peer / mass texting, Phone banking, Tabling / flier distribution",https://www.ocnonprofitcentral.org/organizations/arab-american-civic-council,
1/25/23 10:01,Asociacion de Emprendedor@s,monicarobles@asociaciondeemprendedores.org,"Anaheim, Brea, Buena Park, Mission Viejo, Orange, Santa Ana, Tustin",Latino / Latinx,Spanish,"Immigrants / Refugees, Limited English speaking ability, Older adults / seniors","In-person events / gatherings, Mailings, Media (TV, radio, newspapers), Peer-to-peer / mass texting, Virtual events / gatherings",,
1/25/23 9:13,Boys & Girls Club of Laguna Beach,pame@bgclaguna.org,"Aliso Viejo, Laguna Beach, Lake Forest, Mission Viejo","Asian American, Black & African American, Latino / Latinx, Non-Hispanic White",English,"Children under 5, Houseless individuals & families, LGBTQ+, Immigrants / Refugees, Low broadband subscription rate, People with disabilities","In-person events / gatherings, Mailings, Media (TV, radio, newspapers), Tabling / flier distribution",https://www.ocnonprofitcentral.org/organizations/boys-and-girls-club-of-laguna-beach,
10/13/22 12:32,Boys & Girls Clubs of Garden Grove,csepulveda@bgcgg.org,"Anaheim, Buena Park, Cypress, Fountain Valley, Garden Grove, Orange, Santa Ana, Stanton, Westminster","Asian American, Black & African American, Latino / Latinx, Middle Eastern & North African, Native American & Tribal Communities, Native Hawaiian & Pacific Islander, Non-Hispanic White","English, Spanish, Vietnamese","Children under 5, Houseless individuals & families, LGBTQ+, Immigrants / Refugees, Limited English speaking ability, People with disabilities","In-person events / gatherings, Food / kit distribution, Tabling / flier distribution",https://www.ocnonprofitcentral.org/organizations/boys-girls-clubs-of-garden-grove-inc,
9/23/22 17:27,Building Skills Partnership,info@buildingskills.org,"Anaheim, Costa Mesa, Garden Grove, Huntington Beach, Irvine, La Habra, Newport Beach, Orange, Santa Ana","Asian American, Black & African American, Latino / Latinx, Middle Eastern & North African","English, Spanish","Immigrants / Refugees, Limited English speaking ability, Low broadband subscription rate, Older adults / seniors","In-person events / gatherings, Food / kit distribution, Media (TV, radio, newspapers), Peer-to-peer / mass texting, Tabling / flier distribution, Virtual events / gatherings",https://www.ocnonprofitcentral.org/organizations/building-skills-partnership,
10/7/22 9:31,Charitable Ventures,Anne.olin@charitableventuresoc.org,"Aliso Viejo, Anaheim, Brea, Buena Park, Costa Mesa, Cypress, Dana Point, Fountain Valley, Fullerton, Garden Grove, Huntington Beach, Irvine, La Habra, La Palma, Laguna Beach, Laguna Hills, Laguna Niguel, Laguna Woods, Lake Forest, Los Alamitos, Mission Viejo, Newport Beach, Orange, Placentia, Rancho Santa Margarita, San Clemente, San Juan Capistrano, Santa Ana, Seal Beach, Stanton, Tustin, Villa Park, Westminster, Yorba Linda","Asian American, Black & African American, Latino / Latinx, Middle Eastern & North African, Native American & Tribal Communities, Native Hawaiian & Pacific Islander, Non-Hispanic White","English, Spanish, Vietnamese","Children under 5, Farmworkers, Houseless individuals & families, LGBTQ+, Immigrants / Refugees, Limited English speaking ability, Low broadband subscription rate, Older adults / seniors, People with disabilities, Veterans","In-person events / gatherings, Food / kit distribution, Mailings, Media (TV, radio, newspapers), Peer-to-peer / mass texting, Tabling / flier distribution, Virtual events / gatherings",https://www.ocnonprofitcentral.org/organizations/charitable-ventures-of-orange-county-inc,
1/26/23 11:45,CIELO,christine@cielocommunity.org,"Anaheim, Buena Park, Costa Mesa, Fullerton, Garden Grove, Huntington Beach, Irvine, Mission Viejo, Newport Beach, Orange, Placentia, San Clemente, San Juan Capistrano, Santa Ana, Stanton, Tustin, Yorba Linda","Asian American, Black & African American, Latino / Latinx, Middle Eastern & North African, Native American & Tribal Communities, Native Hawaiian & Pacific Islander, Non-Hispanic White","English, Spanish","LGBTQ+, Immigrants / Refugees, Limited English speaking ability, Older adults / seniors, Veterans","In-person events / gatherings, Tabling / flier distribution, Virtual events / gatherings",https://www.ocnonprofitcentral.org/organizations/cielo,
1/10/23 13:55,Community Action Partnership of Orange County (CAP OC),yhernandez@capoc.org,"Aliso Viejo, Anaheim, Brea, Buena Park, Costa Mesa, Cypress, Dana Point, Fountain Valley, Fullerton, Garden Grove, Huntington Beach, Irvine, La Habra, La Palma, Laguna Beach, Laguna Hills, Laguna Niguel, Laguna Woods, Lake Forest, Los Alamitos, Mission Viejo, Newport Beach, Orange, Placentia, Rancho Santa Margarita, San Clemente, San Juan Capistrano, Santa Ana, Seal Beach, Stanton, Tustin, Villa Park, Westminster, Yorba Linda","Asian American, Black & African American, Latino / Latinx, Middle Eastern & North African, Native American & Tribal Communities, Native Hawaiian & Pacific Islander, Non-Hispanic White","English, Farsi, Spanish, Vietnamese","Children under 5, Houseless individuals & families, LGBTQ+, Immigrants / Refugees, Limited English speaking ability, Low broadband subscription rate, Older adults / seniors, People with disabilities, Veterans","Door-to-door canvassing, In-person events / gatherings, Mailings, Media (TV, radio, newspapers), Peer-to-peer / mass texting, Tabling / flier distribution, Virtual events / gatherings",https://www.ocnonprofitcentral.org/organizations/capoc,
10/13/22 8:44,Community Health Initiative of Orange County,help@chioc.org,"Aliso Viejo, Anaheim, Brea, Buena Park, Costa Mesa, Cypress, Dana Point, Fountain Valley, Fullerton, Garden Grove, Huntington Beach, Irvine, La Habra, La Palma, Laguna Beach, Laguna Hills, Laguna Niguel, Laguna Woods, Lake Forest, Los Alamitos, Mission Viejo, Newport Beach, Orange, Placentia, Rancho Santa Margarita, San Clemente, San Juan Capistrano, Santa Ana, Seal Beach, Stanton, Tustin, Villa Park, Westminster, Yorba Linda","Asian American, Black & African American, Latino / Latinx, Middle Eastern & North African, Native American & Tribal Communities, Native Hawaiian & Pacific Islander, Non-Hispanic White","English, Spanish","Children under 5, Farmworkers, Houseless individuals & families, LGBTQ+, Immigrants / Refugees, Limited English speaking ability, Low broadband subscription rate, Older adults / seniors, People with disabilities, Veterans","In-person events / gatherings, Peer-to-peer / mass texting, Phone banking, Tabling / flier distribution, Virtual events / gatherings",https://www.ocnonprofitcentral.org/organizations/community-health-initiative-of-orange-county-chioc,
12/15/22 16:21,Community Legal Aid SoCal,ewing@clsocal.org,"Aliso Viejo, Anaheim, Brea, Buena Park, Costa Mesa, Cypress, Dana Point, Fountain Valley, Fullerton, Garden Grove, Huntington Beach, Irvine, La Habra, La Palma, Laguna Beach, Laguna Hills, Laguna Niguel, Laguna Woods, Lake Forest, Los Alamitos, Mission Viejo, Newport Beach, Orange, Placentia, Rancho Santa Margarita, San Clemente, San Juan Capistrano, Santa Ana, Seal Beach, Stanton, Tustin, Villa Park, Westminster, Yorba Linda","Asian American, Black & African American, Latino / Latinx, Middle Eastern & North African, Native American & Tribal Communities, Native Hawaiian & Pacific Islander, Non-Hispanic White","English, Spanish, Vietnamese","Houseless individuals & families, LGBTQ+, Immigrants / Refugees, Limited English speaking ability, Low broadband subscription rate, Older adults / seniors, People with disabilities","In-person events / gatherings, Media (TV, radio, newspapers), Tabling / flier distribution, Virtual events / gatherings",https://www.ocnonprofitcentral.org/organizations/community-legal-aid-socal,
10/13/22 19:15,Coraz—n ,714.547.0357,Santa Ana,Latino / Latinx,"English, Spanish",Limited English speaking ability,"In-person events / gatherings, Mailings, Media (TV, radio, newspapers), Peer-to-peer / mass texting, Virtual events / gatherings",,
1/23/23 9:36,Crime Survivors Resource Center ,Patricia Wenskunas,"Aliso Viejo, Anaheim, Brea, Buena Park, Costa Mesa, Cypress, Dana Point, Fountain Valley, Fullerton, Garden Grove, Huntington Beach, Irvine, La Habra, La Palma, Laguna Beach, Laguna Hills, Laguna Niguel, Laguna Woods, Lake Forest, Los Alamitos, Mission Viejo, Newport Beach, Orange, Placentia, Rancho Santa Margarita, San Clemente, San Juan Capistrano, Santa Ana, Seal Beach, Stanton, Tustin, Villa Park, Westminster, Yorba Linda","Asian American, Black & African American, Latino / Latinx, Middle Eastern & North African, Native American & Tribal Communities, Native Hawaiian & Pacific Islander, Non-Hispanic White","English, Volunteers and Parnters assist us with other languages when needed","Children under 5, Houseless individuals & families, LGBTQ+, Immigrants / Refugees, Older adults / seniors, People with disabilities, Veterans","In-person events / gatherings, Tabling / flier distribution, Virtual events / gatherings",https://www.ocnonprofitcentral.org/organizations/crime-survivors-inc,
10/5/22 10:06,Elder Law and Disability Rights Center,bweitzman@eldrcenter.org,"Aliso Viejo, Anaheim, Brea, Buena Park, Costa Mesa, Cypress, Dana Point, Fountain Valley, Fullerton, Garden Grove, Huntington Beach, Irvine, La Habra, La Palma, Laguna Beach, Laguna Hills, Laguna Niguel, Laguna Woods, Lake Forest, Los Alamitos, Mission Viejo, Newport Beach, Orange, Placentia, Rancho Santa Margarita, San Clemente, San Juan Capistrano, Santa Ana, Seal Beach, Stanton, Tustin, Villa Park, Westminster, Yorba Linda","Asian American, Black & African American, Latino / Latinx, Middle Eastern & North African, Native American & Tribal Communities, Native Hawaiian & Pacific Islander, Non-Hispanic White","English, We obtain translators as needed.","Houseless individuals & families, Older adults / seniors, People with disabilities","Tabling / flier distribution, Virtual events / gatherings",,
10/21/22 10:11,FaCT - Families and Communities Together,info@factoc.org,"Anaheim, Buena Park, Garden Grove, Huntington Beach, La Habra, Lake Forest, Newport Beach, Orange, San Juan Capistrano, Santa Ana, Stanton, Tustin, Westminster","Asian American, Black & African American, Latino / Latinx, Middle Eastern & North African, Native American & Tribal Communities, Native Hawaiian & Pacific Islander, Non-Hispanic White","English, Spanish, Vietnamese","Children under 5, Houseless individuals & families, Immigrants / Refugees, Limited English speaking ability","In-person events / gatherings, Food / kit distribution, Tabling / flier distribution, Virtual events / gatherings",,
10/10/22 8:24,Family Solutions Collaborative ,info@oc-fsc.org,"Aliso Viejo, Anaheim, Brea, Buena Park, Costa Mesa, Cypress, Dana Point, Fountain Valley, Fullerton, Garden Grove, Huntington Beach, Irvine, La Habra, La Palma, Laguna Beach, Laguna Hills, Laguna Niguel, Laguna Woods, Lake Forest, Los Alamitos, Mission Viejo, Newport Beach, Orange, Placentia, Rancho Santa Margarita, San Clemente, San Juan Capistrano, Santa Ana, Seal Beach, Stanton, Tustin, Villa Park, Westminster, Yorba Linda","Asian American, Black & African American, Latino / Latinx, Middle Eastern & North African, Native American & Tribal Communities, Native Hawaiian & Pacific Islander, Non-Hispanic White","English, Spanish, Vietnamese","Children under 5, Farmworkers, Houseless individuals & families, LGBTQ+, Immigrants / Refugees, Limited English speaking ability, Low broadband subscription rate, People with disabilities, Veterans","In-person events / gatherings, Virtual events / gatherings",,
1/23/23 14:59,Friends of Fullerton College Foundation,zvelasco@fullcoll.edu,"Anaheim, Brea, Buena Park, Fullerton, La Habra, Placentia, Yorba Linda","Asian American, Black & African American, Latino / Latinx, Middle Eastern & North African, Native American & Tribal Communities, Native Hawaiian & Pacific Islander, Non-Hispanic White","English, Korean, Spanish, Vietnamese","Houseless individuals & families, LGBTQ+, Immigrants / Refugees, Limited English speaking ability, Low broadband subscription rate, People with disabilities, Veterans","In-person events / gatherings, Mailings, Media (TV, radio, newspapers), Tabling / flier distribution, Virtual events / gatherings",https://www.ocnonprofitcentral.org/organizations/friends-of-fullerton-college-foundation,
9/7/22 10:39,Fullerton Collaborative,debrastout@fullertoncollaborative.org,Fullerton,"Asian American, Black & African American, Latino / Latinx, Middle Eastern & North African, Native American & Tribal Communities, Native Hawaiian & Pacific Islander, Non-Hispanic White","English, Korean, Spanish, Vietnamese","Children under 5, Houseless individuals & families, LGBTQ+, Limited English speaking ability, Older adults / seniors","In-person events / gatherings, Mailings, Tabling / flier distribution, Virtual events / gatherings",https://www.ocnonprofitcentral.org/organizations/fullerton-collaborative,
12/5/22 12:33,Give for A Smile,ajimenez@giveforasmile.org,"Anaheim, Buena Park, Cypress, Fullerton, Garden Grove, Huntington Beach, Orange, Placentia, Santa Ana, Stanton, Tustin, Westminster",Latino / Latinx,"English, Spanish","Children under 5, Immigrants / Refugees, Limited English speaking ability, Low broadband subscription rate, Older adults / seniors, People with disabilities","In-person events / gatherings, Media (TV, radio, newspapers), Phone banking, Tabling / flier distribution",,
1/17/23 15:13,Hispanic Education Endowment Fund,HEEF@oc-cf.org,"Aliso Viejo, Anaheim, Brea, Buena Park, Costa Mesa, Dana Point, Fountain Valley, Fullerton, Garden Grove, Huntington Beach, Irvine, Laguna Hills, Lake Forest, Mission Viejo, Orange, Rancho Santa Margarita, San Clemente, San Juan Capistrano, Santa Ana, Tustin, Westminster",Latino / Latinx,"English, Spanish","Farmworkers, Immigrants / Refugees","In-person events / gatherings, Mailings, Peer-to-peer / mass texting, Tabling / flier distribution, Virtual events / gatherings",https://www.ocnonprofitcentral.org/organizations/hispanic-education-endowment-fund,
10/11/22 14:16,HOA Community Reinvestment Fund of Orange County,HOAFundofOC@gmail.com,Santa Ana,"Asian American, Black & African American, Latino / Latinx, Middle Eastern & North African, Native American & Tribal Communities, Native Hawaiian & Pacific Islander, Non-Hispanic White","English, Khmer, Spanish","Children under 5, Immigrants / Refugees, Limited English speaking ability, Older adults / seniors, People with disabilities, Veterans","In-person events / gatherings, Virtual events / gatherings",,
1/13/23 9:22,Hope Builders,dmisher@tsjhopebuilders.org,"Aliso Viejo, Anaheim, Brea, Fountain Valley, Fullerton, Garden Grove, Mission Viejo, Orange, Placentia, Santa Ana, Stanton, Tustin, Westminster, Yorba Linda","Black & African American, Latino / Latinx, Non-Hispanic White",English,"Houseless individuals & families, Immigrants / Refugees, Low broadband subscription rate","In-person events / gatherings, Peer-to-peer / mass texting, Tabling / flier distribution, Virtual events / gatherings",https://www.ocnonprofitcentral.org/organizations/hope-builders,
11/6/22 20:01,"Hub for Integration, Reentry & Employment (H.I.R.E.)",info@hireoc.org,"Aliso Viejo, Anaheim, Brea, Buena Park, Costa Mesa, Cypress, Dana Point, Fountain Valley, Fullerton, Garden Grove, Huntington Beach, Irvine, La Habra, La Palma, Laguna Beach, Laguna Hills, Laguna Niguel, Laguna Woods, Lake Forest, Los Alamitos, Mission Viejo, Newport Beach, Orange, Placentia, Rancho Santa Margarita, San Clemente, San Juan Capistrano, Santa Ana, Seal Beach, Stanton, Tustin, Villa Park, Westminster, Yorba Linda","Asian American, Black & African American, Latino / Latinx, Middle Eastern & North African, Native American & Tribal Communities, Native Hawaiian & Pacific Islander, Non-Hispanic White","English, Spanish","Houseless individuals & families, LGBTQ+, Older adults / seniors, People with disabilities, Veterans","In-person events / gatherings, Media (TV, radio, newspapers), Peer-to-peer / mass texting, Tabling / flier distribution, Virtual events / gatherings",https://www.ocnonprofitcentral.org/organizations/hireoc,
1/23/23 11:16,Korean American Special Education Center,outreach@kasecca.org,"Anaheim, Brea, Buena Park, Cypress, Fullerton, Garden Grove, Huntington Beach, Irvine, La Habra, La Palma, Los Alamitos, Mission Viejo, Newport Beach, Orange, Placentia, Santa Ana, Seal Beach, Stanton, Tustin, Westminster, Yorba Linda","Asian American, Black & African American, Latino / Latinx, Middle Eastern & North African, Native American & Tribal Communities, Native Hawaiian & Pacific Islander, Non-Hispanic White","English, Korean","Children under 5, Immigrants / Refugees, Limited English speaking ability, People with disabilities","In-person events / gatherings, Media (TV, radio, newspapers), Tabling / flier distribution, Virtual events / gatherings",,
9/7/22 11:31,LGBTQ Center OC,peg.corley@lgbtqcenteroc.org,"Aliso Viejo, Anaheim, Brea, Buena Park, Costa Mesa, Cypress, Dana Point, Fountain Valley, Fullerton, Garden Grove, Huntington Beach, Irvine, La Habra, La Palma, Laguna Beach, Laguna Hills, Laguna Niguel, Laguna Woods, Lake Forest, Los Alamitos, Mission Viejo, Newport Beach, Orange, Placentia, Rancho Santa Margarita, San Clemente, San Juan Capistrano, Santa Ana, Seal Beach, Stanton, Tustin, Villa Park, Westminster, Yorba Linda","Asian American, Black & African American, Latino / Latinx, Middle Eastern & North African, Native Hawaiian & Pacific Islander, Non-Hispanic White","English, Spanish","LGBTQ+, Immigrants / Refugees, Limited English speaking ability, Older adults / seniors","In-person events / gatherings, Tabling / flier distribution, Virtual events / gatherings",https://www.ocnonprofitcentral.org/organizations/gay-lesbian-community-services-center-of-orange-county,
10/11/22 13:21,MOMS Orange County,jperez@momsorangecounty.org,"Aliso Viejo, Anaheim, Brea, Buena Park, Costa Mesa, Cypress, Dana Point, Fountain Valley, Fullerton, Garden Grove, Huntington Beach, Irvine, La Habra, La Palma, Laguna Beach, Laguna Hills, Laguna Niguel, Lake Forest, Los Alamitos, Mission Viejo, Newport Beach, Orange, Placentia, Rancho Santa Margarita, San Clemente, San Juan Capistrano, Santa Ana, Seal Beach, Stanton, Tustin, Villa Park, Westminster, Yorba Linda","Asian American, Black & African American, Latino / Latinx, Middle Eastern & North African, Native Hawaiian & Pacific Islander, Non-Hispanic White","English, Spanish, Vietnamese","Children under 5, Immigrants / Refugees, Limited English speaking ability","In-person events / gatherings, Tabling / flier distribution, Virtual events / gatherings",https://www.ocnonprofitcentral.org/organizations/moms-orange-county,
10/21/22 10:39,Multi-Ethnic Collaborative of Community Agencies (MECCA),matt@ocmecca.org,"Anaheim, Brea, Buena Park, Costa Mesa, Cypress, Fountain Valley, Fullerton, Garden Grove, Huntington Beach, Irvine, La Habra, La Palma, Los Alamitos, Orange, Santa Ana, Stanton, Tustin, Westminster","Asian American, Latino / Latinx, Middle Eastern & North African, Non-Hispanic White","English, Arabic, Chinese (Cantonese), Chinese (Mandarin), Farsi, Khmer, Korean, Spanish, Vietnamese","Children under 5, LGBTQ+, Immigrants / Refugees, Limited English speaking ability, Older adults / seniors","Door-to-door canvassing, In-person events / gatherings, Food / kit distribution, Peer-to-peer / mass texting, Tabling / flier distribution, Virtual events / gatherings",,
1/23/23 13:01,Museum of Teaching and Learning,nagel@motal.org,"Anaheim, Brea, Buena Park, Costa Mesa, Fullerton, Huntington Beach, Irvine, La Habra, La Palma, Orange, Placentia, Santa Ana, Tustin, Westminster, Yorba Linda","Asian American, Black & African American, Latino / Latinx, Middle Eastern & North African, Native American & Tribal Communities, Native Hawaiian & Pacific Islander, Non-Hispanic White","English, Spanish","LGBTQ+, Older adults / seniors, People with disabilities, Veterans","In-person events / gatherings, Mailings, Virtual events / gatherings",,
1/9/23 8:57,OCCORD - Orange County Communities Organized for Responsible Development  ,Info@occord.org,"Anaheim, Santa Ana",Latino / Latinx,"English, Spanish","Immigrants / Refugees, Limited English speaking ability, Older adults / seniors","Door-to-door canvassing, In-person events / gatherings, Peer-to-peer / mass texting, Phone banking, Tabling / flier distribution, Virtual events / gatherings",,
10/18/22 15:23,Orange County Grantmakers,Taryn.Palumbo@ocgrantmakers.org,"Aliso Viejo, Anaheim, Brea, Buena Park, Costa Mesa, Cypress, Dana Point, Fountain Valley, Fullerton, Garden Grove, Huntington Beach, Irvine, La Habra, La Palma, Laguna Beach, Laguna Hills, Laguna Niguel, Laguna Woods, Lake Forest, Los Alamitos, Mission Viejo, Newport Beach, Orange, Placentia, Rancho Santa Margarita, San Clemente, San Juan Capistrano, Santa Ana, Seal Beach, Stanton, Tustin, Villa Park, Westminster, Yorba Linda","Asian American, Black & African American, Latino / Latinx, Middle Eastern & North African, Native American & Tribal Communities, Native Hawaiian & Pacific Islander, Non-Hispanic White",English,"Children under 5, Houseless individuals & families, LGBTQ+, Immigrants / Refugees, Limited English speaking ability, Low broadband subscription rate, Older adults / seniors, People with disabilities, Veterans","In-person events / gatherings, Virtual events / gatherings",,
10/24/22 10:51,Orange County Herald Center,sherryhuang@cchcla.org,"Aliso Viejo, Costa Mesa, Fountain Valley, Fullerton, Garden Grove, Huntington Beach, Irvine, Laguna Hills, Laguna Woods, Lake Forest, Mission Viejo, Rancho Santa Margarita, Santa Ana, Tustin, Westminster",Asian American,"English, Chinese (Mandarin)","Immigrants / Refugees, Limited English speaking ability, Older adults / seniors, People with disabilities","In-person events / gatherings, Food / kit distribution, Mailings, Media (TV, radio, newspapers), Virtual events / gatherings",,
1/10/23 13:37,Orange County Human Relations,ginrich@ochumanrelations.org,"Aliso Viejo, Anaheim, Brea, Buena Park, Costa Mesa, Cypress, Dana Point, Fountain Valley, Fullerton, Garden Grove, Huntington Beach, Irvine, La Habra, La Palma, Laguna Beach, Laguna Hills, Laguna Niguel, Laguna Woods, Lake Forest, Los Alamitos, Mission Viejo, Newport Beach, Orange, Placentia, Rancho Santa Margarita, San Clemente, San Juan Capistrano, Santa Ana, Seal Beach, Stanton, Tustin, Villa Park, Westminster, Yorba Linda","Asian American, Black & African American, Latino / Latinx, Middle Eastern & North African, Native American & Tribal Communities, Native Hawaiian & Pacific Islander, Non-Hispanic White","English, Spanish","Houseless individuals & families, LGBTQ+, Immigrants / Refugees, Limited English speaking ability, Older adults / seniors, People with disabilities","In-person events / gatherings, Mailings, Media (TV, radio, newspapers), Peer-to-peer / mass texting, Tabling / flier distribution, Virtual events / gatherings",https://www.ocnonprofitcentral.org/organizations/oc-human-relations,
10/11/22 12:20,Peace and Justice Law Center,sean.garcialeys@gmail.com,"Anaheim, Fullerton, Santa Ana","Black & African American, Latino / Latinx",English,"Houseless individuals & families, LGBTQ+, Immigrants / Refugees, Limited English speaking ability, People with disabilities","In-person events / gatherings, Peer-to-peer / mass texting, Virtual events / gatherings",,
10/5/22 10:57,People for Housing OC,elizabeth@peopleforhousing.org,"Anaheim, Brea, Buena Park, Costa Mesa, Fullerton, Garden Grove, La Habra, Orange, Placentia, Westminster, Yorba Linda","Asian American, Black & African American, Latino / Latinx, Middle Eastern & North African, Native American & Tribal Communities, Native Hawaiian & Pacific Islander, Non-Hispanic White",English,Houseless individuals & families,"In-person events / gatherings, Media (TV, radio, newspapers), Virtual events / gatherings",,
9/14/22 15:59,PHFE WIC Program,samar@phfewic.org,"Anaheim, Cypress, La Habra, Placentia, Santa Ana","Asian American, Black & African American, Latino / Latinx, Middle Eastern & North African, Native American & Tribal Communities, Native Hawaiian & Pacific Islander, Non-Hispanic White","English, Arabic, Armenian, Chinese (Cantonese), Chinese (Mandarin), Farsi, Hindi, Japanese, Khmer, Korean, Russian, Spanish, Tagalog, Vietnamese","Children under 5, Houseless individuals & families, LGBTQ+, Immigrants / Refugees, Limited English speaking ability","In-person events / gatherings, Virtual events / gatherings",,
1/23/23 12:01,Project Hope Alliance,Allen Burnett,"Anaheim, Brea, Buena Park, Costa Mesa, Cypress, Fountain Valley, Fullerton, Garden Grove, Huntington Beach, Irvine, Mission Viejo, Newport Beach, Orange, Placentia, Santa Ana, Stanton, Tustin, Villa Park, Westminster, Yorba Linda","Asian American, Black & African American, Latino / Latinx, Middle Eastern & North African, Native American & Tribal Communities, Native Hawaiian & Pacific Islander, Non-Hispanic White","English, Korean, Spanish","Children under 5, Houseless individuals & families, LGBTQ+, Immigrants / Refugees, Limited English speaking ability, People with disabilities","In-person events / gatherings, Mailings, Media (TV, radio, newspapers), Peer-to-peer / mass texting, Tabling / flier distribution",,
1/23/23 9:37,Project Youth OC,kruan@pyocbf.org,"Anaheim, Costa Mesa, Fullerton, Garden Grove, Irvine, La Habra, Newport Beach, Orange, Placentia, Santa Ana, Tustin, Westminster","Latino / Latinx, Non-Hispanic White","English, Spanish","Houseless individuals & families, Limited English speaking ability","In-person events / gatherings, Food / kit distribution, Peer-to-peer / mass texting",https://www.ocnonprofitcentral.org/organizations/orange-county-bar-foundation,
1/23/23 14:24,RevHubOC,tim@revhuboc.com,"Aliso Viejo, Anaheim, Brea, Buena Park, Costa Mesa, Cypress, Dana Point, Fountain Valley, Fullerton, Garden Grove, Huntington Beach, Irvine, La Habra, La Palma, Laguna Beach, Laguna Hills, Laguna Niguel, Laguna Woods, Lake Forest, Los Alamitos, Mission Viejo, Newport Beach, Orange, Placentia, Rancho Santa Margarita, San Clemente, San Juan Capistrano, Santa Ana, Seal Beach, Stanton, Tustin, Villa Park, Westminster, Yorba Linda","Asian American, Black & African American, Latino / Latinx, Middle Eastern & North African, Native American & Tribal Communities, Native Hawaiian & Pacific Islander, Non-Hispanic White","English, Chinese (Mandarin), Spanish, Vietnamese","LGBTQ+, Immigrants / Refugees, Limited English speaking ability, Low broadband subscription rate, People with disabilities, Veterans","In-person events / gatherings, Peer-to-peer / mass texting, Tabling / flier distribution, Virtual events / gatherings",,
10/11/22 12:38,Santa Ana Active Streets c/o Charitable Ventures Orange County,kris@saascoalition.org,Santa Ana,"Asian American, Black & African American, Latino / Latinx, Non-Hispanic White","English, Spanish","Houseless individuals & families, LGBTQ+, Immigrants / Refugees, Limited English speaking ability, Low broadband subscription rate, Older adults / seniors, People with disabilities","In-person events / gatherings, Tabling / flier distribution, Virtual events / gatherings",,
10/11/22 12:29,Santa Ana Early Learning Initiative (SAELI),ssotolara@saeli-oc.org,Santa Ana,Latino / Latinx,"English, Spanish","Children under 5, Immigrants / Refugees, Limited English speaking ability, Older adults / seniors","Door-to-door canvassing, In-person events / gatherings, Peer-to-peer / mass texting, Tabling / flier distribution, Virtual events / gatherings",,
1/23/23 10:25,Serving Kids Hope,rolivera@servingkidshope.org,"Aliso Viejo, Anaheim, Buena Park, Costa Mesa, Fountain Valley, Fullerton, Garden Grove, Huntington Beach, Irvine, La Habra, Laguna Beach, Laguna Hills, Lake Forest, Mission Viejo, Newport Beach, Orange, Placentia, Rancho Santa Margarita, San Juan Capistrano, Santa Ana, Stanton, Tustin, Westminster, Yorba Linda","Asian American, Black & African American, Latino / Latinx, Middle Eastern & North African, Native American & Tribal Communities, Native Hawaiian & Pacific Islander, Non-Hispanic White","English, Spanish","Children under 5, Farmworkers, Houseless individuals & families, LGBTQ+, Immigrants / Refugees, Limited English speaking ability, Low broadband subscription rate, Older adults / seniors, People with disabilities, Veterans","In-person events / gatherings, Mailings, Media (TV, radio, newspapers), Virtual events / gatherings",www.servingkidshope.org,
1/23/23 12:00,Soroptimist International of Saddleback Valley,sisaddlebackvalley@gmail.com,"Aliso Viejo, Fountain Valley, Fullerton, Garden Grove, Huntington Beach, Irvine, Laguna Hills, Laguna Niguel, Laguna Woods, Lake Forest, Mission Viejo, Rancho Santa Margarita","Asian American, Black & African American, Latino / Latinx, Middle Eastern & North African, Native American & Tribal Communities, Native Hawaiian & Pacific Islander, Non-Hispanic White",English,"Immigrants / Refugees, Limited English speaking ability, Older adults / seniors","In-person events / gatherings, Media (TV, radio, newspapers), Tabling / flier distribution, Virtual events / gatherings",https://www.givegab.com/nonprofits/soroptimist-international-of-saddleback-valley,
1/24/23 15:36,Start Well ~ Infant/Early Childhood Mental Health Consultation,sandy.avzaradel@startwelloc.org,"Aliso Viejo, Anaheim, Brea, Buena Park, Costa Mesa, Cypress, Dana Point, Fountain Valley, Fullerton, Garden Grove, Huntington Beach, Irvine, La Habra, La Palma, Laguna Beach, Laguna Hills, Laguna Niguel, Lake Forest, Los Alamitos, Mission Viejo, Newport Beach, Orange, Placentia, Rancho Santa Margarita, San Clemente, San Juan Capistrano, Santa Ana, Stanton, Tustin, Villa Park, Westminster, Yorba Linda","Asian American, Black & African American, Latino / Latinx, Middle Eastern & North African, Native Hawaiian & Pacific Islander, Non-Hispanic White","English, Spanish",Children under 5,"In-person events / gatherings, Mailings, Tabling / flier distribution, Virtual events / gatherings",,
1/23/23 10:49,Straight Talk Clinic Inc.,dcampbell@straighttalkcounseling.org,"Aliso Viejo, Anaheim, Brea, Buena Park, Costa Mesa, Cypress, Dana Point, Fountain Valley, Fullerton, Garden Grove, Huntington Beach, Irvine, La Habra, La Palma, Laguna Beach, Laguna Hills, Laguna Niguel, Laguna Woods, Lake Forest, Los Alamitos, Mission Viejo, Newport Beach, Orange, Placentia, Rancho Santa Margarita, San Clemente, San Juan Capistrano, Santa Ana, Seal Beach, Stanton, Tustin, Villa Park, Westminster, Yorba Linda","Asian American, Black & African American, Latino / Latinx, Middle Eastern & North African, Native American & Tribal Communities, Native Hawaiian & Pacific Islander, Non-Hispanic White","English, Hindi, Spanish","Farmworkers, Houseless individuals & families, LGBTQ+, Immigrants / Refugees, Limited English speaking ability, Low broadband subscription rate, Older adults / seniors, People with disabilities, Veterans","In-person events / gatherings, Media (TV, radio, newspapers), Peer-to-peer / mass texting, Tabling / flier distribution, Virtual events / gatherings",https://www.ocnonprofitcentral.org/organizations/straighttalkoc,
9/7/22 18:29,The Cambodian Family Community Center ,aminasm@cambodianfamily.org,"Anaheim, Costa Mesa, Fountain Valley, Garden Grove, Irvine, Lake Forest, Orange, Santa Ana, Stanton, Tustin, Westminster","Asian American, Latino / Latinx","English, Khmer, Spanish, Vietnamese, Cham ","Immigrants / Refugees, Limited English speaking ability, Low broadband subscription rate, Older adults / seniors","Caravan / parade, Door-to-door canvassing, In-person events / gatherings, Food / kit distribution, Mailings, Media (TV, radio, newspapers), Peer-to-peer / mass texting, Phone banking, Tabling / flier distribution, Virtual events / gatherings",,
1/23/23 17:59,"The Hankston Agency, SFG West Coast",morgan@agencysfg.com,"Aliso Viejo, Anaheim, Brea, Fullerton, Garden Grove, Irvine, Newport Beach, Orange, Placentia, Santa Ana, Seal Beach, Stanton, Yorba Linda","Asian American, Black & African American, Latino / Latinx, Middle Eastern & North African, Native American & Tribal Communities, Native Hawaiian & Pacific Islander, Non-Hispanic White","English, Spanish","Farmworkers, Houseless individuals & families, LGBTQ+, Older adults / seniors, People with disabilities, Veterans","Door-to-door canvassing, In-person events / gatherings, Mailings, Peer-to-peer / mass texting, Virtual events / gatherings",,
1/20/23 9:35,The Malama Collective,admin@themalamacollective.com,"Aliso Viejo, Anaheim, Brea, Buena Park, Costa Mesa, Cypress, Dana Point, Fountain Valley, Fullerton, Garden Grove, Huntington Beach, Irvine, La Habra, La Palma, Laguna Beach, Laguna Hills, Laguna Niguel, Laguna Woods, Lake Forest, Los Alamitos, Mission Viejo, Newport Beach, Orange, Placentia, Rancho Santa Margarita, San Clemente, San Juan Capistrano, Santa Ana, Seal Beach, Stanton, Tustin, Villa Park, Westminster, Yorba Linda","Asian American, Black & African American, Latino / Latinx, Middle Eastern & North African, Native American & Tribal Communities, Native Hawaiian & Pacific Islander, Non-Hispanic White",English,"Children under 5, Farmworkers, Houseless individuals & families, LGBTQ+, Immigrants / Refugees, Limited English speaking ability, Low broadband subscription rate, Older adults / seniors, People with disabilities, Veterans","In-person events / gatherings, Mailings, Media (TV, radio, newspapers), Virtual events / gatherings",www.themalamacollective.com,
10/12/22 10:14,Unidos South OC,heather@unidossouthoc.com,San Juan Capistrano,Latino / Latinx,"English, Spanish","Children under 5, Immigrants / Refugees, Limited English speaking ability, Low broadband subscription rate, Older adults / seniors","In-person events / gatherings, Peer-to-peer / mass texting",https://www.ocnonprofitcentral.org/organizations/unidos-south-oc,
1/10/23 10:35,VietRISE,general@vietrise.org,"Fountain Valley, Garden Grove, Huntington Beach, Irvine, Santa Ana, Stanton, Westminster","Asian American, Latino / Latinx","English, Spanish, Vietnamese","Houseless individuals & families, LGBTQ+, Immigrants / Refugees, Limited English speaking ability, Older adults / seniors","Door-to-door canvassing, In-person events / gatherings, Food / kit distribution, Media (TV, radio, newspapers), Peer-to-peer / mass texting, Phone banking, Tabling / flier distribution, Virtual events / gatherings",,
9/21/22 14:10,Vital Link Education & Business Consortium,misha@vitallink.org,"Aliso Viejo, Anaheim, Brea, Buena Park, Costa Mesa, Cypress, Fountain Valley, Fullerton, Garden Grove, Huntington Beach, Irvine, La Habra, La Palma, Laguna Beach, Laguna Hills, Laguna Niguel, Lake Forest, Los Alamitos, Mission Viejo, Newport Beach, Orange, Placentia, Rancho Santa Margarita, San Juan Capistrano, Santa Ana, Seal Beach, Stanton, Tustin, Villa Park, Westminster, Yorba Linda","Asian American, Black & African American, Latino / Latinx, Middle Eastern & North African, Native American & Tribal Communities, Native Hawaiian & Pacific Islander, Non-Hispanic White","English, Translations occur at client sites","Houseless individuals & families, LGBTQ+, Limited English speaking ability, People with disabilities","In-person events / gatherings, Peer-to-peer / mass texting, Tabling / flier distribution, Virtual events / gatherings",https://www.ocnonprofitcentral.org/organizations/vital-link-education-business-consortium,
1/25/23 14:47,Waymakers,ewojtusik@waymakersoc.org,"Aliso Viejo, Anaheim, Brea, Buena Park, Costa Mesa, Cypress, Dana Point, Fountain Valley, Fullerton, Garden Grove, Huntington Beach, Irvine, La Habra, La Palma, Laguna Beach, Laguna Hills, Laguna Niguel, Laguna Woods, Lake Forest, Los Alamitos, Mission Viejo, Newport Beach, Orange, Placentia, Rancho Santa Margarita, San Clemente, San Juan Capistrano, Santa Ana, Seal Beach, Stanton, Tustin, Villa Park, Westminster, Yorba Linda","Asian American, Black & African American, Latino / Latinx, Middle Eastern & North African, Native American & Tribal Communities, Native Hawaiian & Pacific Islander, Non-Hispanic White","English, Spanish","Children under 5, Farmworkers, Houseless individuals & families, LGBTQ+, Immigrants / Refugees, Limited English speaking ability, Low broadband subscription rate, Older adults / seniors, People with disabilities, Veterans","In-person events / gatherings, Mailings",https://www.ocnonprofitcentral.org/organizations/waymakers,
9/19/22 10:50,Working Wardrobes,catherinem@workingwardrobes.org,"Aliso Viejo, Anaheim, Brea, Buena Park, Costa Mesa, Cypress, Dana Point, Fountain Valley, Fullerton, Garden Grove, Huntington Beach, Irvine, La Habra, La Palma, Laguna Beach, Laguna Hills, Laguna Niguel, Laguna Woods, Lake Forest, Los Alamitos, Mission Viejo, Newport Beach, Orange, Placentia, Rancho Santa Margarita, San Clemente, San Juan Capistrano, Santa Ana, Seal Beach, Stanton, Tustin, Villa Park, Westminster, Yorba Linda","Asian American, Black & African American, Latino / Latinx, Middle Eastern & North African, Native American & Tribal Communities, Native Hawaiian & Pacific Islander, Non-Hispanic White","English, Spanish","Houseless individuals & families, LGBTQ+, Immigrants / Refugees, Limited English speaking ability, Older adults / seniors, People with disabilities, Veterans","In-person events / gatherings, Food / kit distribution, Mailings, Media (TV, radio, newspapers), Peer-to-peer / mass texting, Tabling / flier distribution, Virtual events / gatherings",https://www.ocnonprofitcentral.org/organizations/working-wardrobes-for-a-new-start,
10/6/22 16:28,"Youth-on-the-Move, Inc.",iehof2015@gmail.com,"Anaheim, Fullerton, Garden Grove, Irvine, La Habra, Orange, Santa Ana, Tustin, Villa Park, Westminster","Asian American, Black & African American, Latino / Latinx, Middle Eastern & North African, Native American & Tribal Communities, Native Hawaiian & Pacific Islander, Non-Hispanic White",English,"Houseless individuals & families, LGBTQ+, Immigrants / Refugees, Limited English speaking ability, Older adults / seniors, People with disabilities, Veterans","Door-to-door canvassing, In-person events / gatherings, Mailings, Media (TV, radio, newspapers), Peer-to-peer / mass texting, Phone banking, Tabling / flier distribution, Virtual events / gatherings",,